move_id,mode,principle,score,n,mean,m2,ci_low,ci_high
E_VALIDATE,Reflective,Assumption,0.06528,1,0.43520000000000003,0.0,0.43520000000000003,0.43520000000000003
E_REFRAME,Reflective,Assumption,0.06528,1,0.43520000000000003,0.0,0.43520000000000003,0.43520000000000003
E_PACE,Reflective,Assumption,0.12076800000000001,2,0.43520000000000003,0.0,0.43520000000000003,0.43520000000000003
E_VALIDATE,Decision,Risk,0.04050000000000001,6,0.405,0.0,0.405,0.405
E_REFRAME,Decision,Risk,0.04050000000000001,6,0.405,0.0,0.405,0.405
E_PACE,Decision,Risk,0.04050000000000001,6,0.405,0.0,0.405,0.405
