{
  "risk_probe": 0.42312525296384,
  "assumption_challenge": 0.42312525296384,
  "empathy_weight": 0.4731252529638401,
  "tone_warmth": 0.47309383853734405
}